issn-l,accurate_title,measure,apc_amount,apc_currency
1741-8887,,1,,
1741-8887,,2,,
0164-9728,,1,,
0164-9728,,2,,
1045-389X,,1,,
1045-389X,,2,,
2516-6042,,1,,
2516-6042,,2,,
1047-4757,,1,,
1047-4757,,2,,
2010-1058,,1,,
2010-1058,,2,,
2325-9574,,1,1500.0,USD
2325-9574,,2,,
2150-1297,,1,,
2150-1297,,2,,
2399-2026,,1,,
2399-2026,,2,,
0194-5998,Otolaryngology–Head and Neck Surgery,1,,
0194-5998,Otolaryngology–Head and Neck Surgery,2,,
1350-5068,,1,,
1350-5068,,2,,
1099-6362,,1,,
1099-6362,,2,,
0272-989X,,1,,
0272-989X,,2,,
2059-9021,,1,,
2059-9021,,2,,
1747-5198,,1,,
1747-5198,,2,,
0743-5584,,1,,
0743-5584,,2,,
2397-8473,,1,1000.0,USD
2397-8473,,2,,
0730-0913,,1,,
0730-0913,,2,,
1757-482X,,1,,
1757-482X,,2,,
1942-602X,,1,,
1942-602X,,2,,
0020-7152,,1,,
0020-7152,,2,,
0164-0259,,1,,
0164-0259,,2,,
1362-1807,,1,,
1362-1807,,2,,
1469-6053,,1,,
1469-6053,,2,,
2515-2459,,1,1000.0,USD
2515-2459,,2,,
0972-2629,Vision: The Journal of Business Perspective,1,,
0972-2629,Vision: The Journal of Business Perspective,2,,
0010-4108,,1,,
0010-4108,,2,,
2632-4636,,1,,
2632-4636,,2,,
1750-6352,,1,,
1750-6352,,2,,
0969-1413,,1,,
0969-1413,,2,,
1226-7031,,1,,
1226-7031,,2,,
0038-0385,,1,,
0038-0385,,2,,
2633-0040,,1,,
2633-0040,,2,,
2393-9575,,1,,
2393-9575,,2,,
0024-3639,,1,,
0024-3639,,2,,
0888-4897,,1,,
0888-4897,,2,,
0044-118X,,1,,
0044-118X,,2,,
2396-9393,,1,,
2396-9393,,2,,
0047-2816,,1,,
0047-2816,,2,,
0266-3511,,1,,
0266-3511,,2,,
1365-4802,,1,,
1365-4802,,2,,
1464-8849,,1,,
1464-8849,,2,,
1556-9845,,1,,
1556-9845,,2,,
1077-6990,,1,,
1077-6990,,2,,
1742-7150,,1,,
1742-7150,,2,,
0048-7457,,1,,
0048-7457,,2,,
0033-2941,,1,,
0033-2941,,2,,
0025-3618,,1,,
0025-3618,,2,,
0098-3039,,1,,
0098-3039,,2,,
0276-2374,,1,,
0276-2374,,2,,
2631-3103,,1,,
2631-3103,,2,,
0016-5492,,1,,
0016-5492,,2,,
0047-0384,,1,,
0047-0384,,2,,
1071-1813,,1,,
1071-1813,,2,,
0195-8402,,1,,
0195-8402,,2,,
1363-4615,,1,,
1363-4615,,2,,
0883-9115,,1,,
0883-9115,,2,,
0972-8864,,1,,
0972-8864,,2,,
1367-0069,,1,,
1367-0069,,2,,
0305-7356,,1,,
0305-7356,,2,,
0091-0260,,1,,
0091-0260,,2,,
2471-3309,,1,,
2471-3309,,2,,
0367-8849,,1,,
0367-8849,,2,,
1747-0218,,1,,
1747-0218,,2,,
0957-1558,,1,,
0957-1558,,2,,
0370-7318,,1,,
0370-7318,,2,,
0971-7218,,1,,
0971-7218,,2,,
0974-6862,,1,,
0974-6862,,2,,
2399-3413,,1,,
2399-3413,,2,,
0093-1853,,1,,
0093-1853,,2,,
1466-8025,,1,,
1466-8025,,2,,
2180-1398,,1,,
2180-1398,,2,,
0301-5742,,1,,
0301-5742,,2,,
0967-3911,,1,,
0967-3911,,2,,
2631-8318,,1,,
2631-8318,,2,,
0034-6373,,1,,
0034-6373,,2,,
0885-0666,,1,,
0885-0666,,2,,
1091-3505,,1,,
1091-3505,,2,,
1095-7960,,1,,
1095-7960,,2,,
2332-6492,,1,,
2332-6492,,2,,
1833-3583,,1,,
1833-3583,,2,,
1087-0172,,1,,
1087-0172,,2,,
2059-5131,,1,,
2059-5131,,2,,
0196-6960,,1,,
0196-6960,,2,,
0748-2337,,1,,
0748-2337,,2,,
1781-6858,,1,,
1781-6858,,2,,
0969-7330,,1,,
0969-7330,,2,,
2472-5552,,1,,
2472-5552,,2,,
1469-5405,,1,,
1469-5405,,2,,
0888-3254,,1,,
0888-3254,,2,,
0040-5639,,1,,
0040-5639,,2,,
0308-5759,,1,,
0308-5759,,2,,
0020-9643,,1,,
0020-9643,,2,,
1468-7941,,1,,
1468-7941,,2,,
0002-0974,,1,,
0002-0974,,2,,
0301-228X,,1,,
0301-228X,,2,,
1524-8399,,1,,
1524-8399,,2,,
2321-0249,,1,,
2321-0249,,2,,
1470-4129,,1,,
1470-4129,,2,,
2035-9969,,1,,
2035-9969,,2,,
0191-4537,,1,,
0191-4537,,2,,
1948-5506,,1,,
1948-5506,,2,,
0193-841X,,1,,
0193-841X,,2,,
0892-7057,,1,,
0892-7057,,2,,
1948-4992,String Research Journal,1,,
1948-4992,String Research Journal,2,,
1098-0482,,1,,
1098-0482,,2,,
0265-5322,,1,,
0265-5322,,2,,
0962-2802,,1,,
0962-2802,,2,,
0019-4646,,1,,
0019-4646,,2,,
0964-6639,,1,,
0964-6639,,2,,
1477-9714,,1,,
1477-9714,,2,,
0391-3988,,1,,
0391-3988,,2,,
1354-8565,,1,,
1354-8565,,2,,
0008-4174,,1,,
0008-4174,,2,,
2096-5311,,1,,
2096-5311,,2,,
0894-4865,,1,,
0894-4865,,2,,
0142-3312,,1,,
0142-3312,,2,,
0192-6233,,1,,
0192-6233,,2,,
0735-3170,,1,,
0735-3170,,2,,
1352-4585,Multiple Sclerosis Journal,1,,
1352-4585,Multiple Sclerosis Journal,2,,
2515-1355,,1,,
2515-1355,,2,,
0896-9205,,1,,
0896-9205,,2,,
1536-867X,,1,,
1536-867X,,2,,
0142-7237,,1,,
0142-7237,,2,,
0973-7030,,1,,
0973-7030,,2,,
1545-1097,,1,,
1545-1097,,2,,
0885-713X,,1,,
0885-713X,,2,,
2057-150X,,1,,
2057-150X,,2,,
1084-8223,,1,,
1084-8223,,2,,
1063-8512,,1,,
1063-8512,,2,,
0748-7304,,1,,
0748-7304,,2,,
0029-800X,,1,,
0029-800X,,2,,
1534-5823,,1,,
1534-5823,,2,,
2156-5899,,1,,
2156-5899,,2,,
0024-3426,,1,,
0024-3426,,2,,
2051-8315,,1,,
2051-8315,,2,,
1746-8477,,1,,
1746-8477,,2,,
2516-6085,,1,,
2516-6085,,2,,
1936-7244,,1,,
1936-7244,,2,,
0069-4770,,1,,
0069-4770,,2,,
0272-6122,,1,,
0272-6122,,2,,
1938-9507,,1,,
1938-9507,,2,,
1534-7346,,1,,
1534-7346,,2,,
0048-5853,,1,,
0048-5853,,2,,
8755-3031,,1,,
8755-3031,,2,,
0029-7933,,1,,
0029-7933,,2,,
2473-974X,,1,1300.0,USD
2473-974X,,2,,
2043-8206,,1,,
2043-8206,,2,,
1077-5463,,1,,
1077-5463,,2,,
0190-5856,,1,,
0190-5856,,2,,
0027-4321,,1,,
0027-4321,,2,,
2332-8584,,1,,
2332-8584,,2,,
0021-955X,,1,,
0021-955X,,2,,
0161-7346,,1,,
0161-7346,,2,,
0033-3549,,1,,
0033-3549,,2,,
0037-5500,,1,,
0037-5500,,2,,
1847-9790,,1,900.0,USD
1847-9790,,2,,
1052-6846,,1,,
1052-6846,,2,,
0021-8863,,1,,
0021-8863,,2,,
0973-2470,,1,,
0973-2470,,2,,
0095-3997,,1,,
0095-3997,,2,,
0898-0101,,1,,
0898-0101,,2,,
1540-7969,,1,,
1540-7969,,2,,
2514-183X,,1,750.0,USD
2514-183X,,2,,
0886-1099,,1,,
0886-1099,,2,,
0021-9657,,1,,
0021-9657,,2,,
2277-436X,,1,,
2277-436X,,2,,
2056-8460,,1,,
2056-8460,,2,,
2474-1264,,1,,
2474-1264,,2,,
0049-5662,,1,,
0049-5662,,2,,
1073-8584,,1,,
1073-8584,,2,,
1024-9079,,1,,
1024-9079,,2,,
0032-258X,,1,,
0032-258X,,2,,
0160-0176,,1,,
0160-0176,,2,,
0014-4029,,1,,
0014-4029,,2,,
0043-4078,,1,,
0043-4078,,2,,
1536-5042,,1,,
1536-5042,,2,,
1525-822X,,1,,
1525-822X,,2,,
0263-3957,,1,,
0263-3957,,2,,
0976-7479,Arthaniti: Journal of Economic Theory and Practice,1,,
0976-7479,Arthaniti: Journal of Economic Theory and Practice,2,,
1753-9447,,1,1500.0,USD
1753-9447,,2,,
1942-7786,,1,,
1942-7786,,2,,
0017-8969,,1,,
0017-8969,,2,,
0033-555X,,1,,
0033-555X,,2,,
0963-6935,,1,,
0963-6935,,2,,
0036-8539,,1,,
0036-8539,,2,,
1089-2680,,1,,
1089-2680,,2,,
1060-8265,,1,,
1060-8265,,2,,
1096-2409,,1,,
1096-2409,,2,,
0885-7288,,1,,
0885-7288,,2,,
0264-0325,,1,,
0264-0325,,2,,
0261-0183,,1,,
0261-0183,,2,,
0892-9580,,1,,
0892-9580,,2,,
0004-8674,,1,,
0004-8674,,2,,
2058-4601,,1,600.0,GBP
2058-4601,,2,,
0020-8728,,1,,
0020-8728,,2,,
2473-0114,,1,,
2473-0114,,2,,
1741-6590,,1,,
1741-6590,,2,,
0022-2194,,1,,
0022-2194,,2,,
0888-4064,,1,,
0888-4064,,2,,
0954-4070,"Proceedings of the Institution of Mechanical Engineers, Part D: Journal of Automobile Engineering",1,,
0954-4070,"Proceedings of the Institution of Mechanical Engineers, Part D: Journal of Automobile Engineering",2,,
2632-3273,,1,8000.0,INR
2632-3273,,2,500.0,USD
0022-5517,,1,,
0022-5517,,2,,
0954-0083,,1,,
0954-0083,,2,,
1759-720X,,1,2300.0,USD
1759-720X,,2,,
1059-7123,,1,,
1059-7123,,2,,
1179-0636,,1,,
1179-0636,,2,,
0112-8760,,1,,
0112-8760,,2,,
0333-1024,,1,,
0333-1024,,2,,
1524-511X,,1,,
1524-511X,,2,,
1048-3713,,1,,
1048-3713,,2,,
0007-6503,,1,,
0007-6503,,2,,
0031-7217,,1,,
0031-7217,,2,,
2307-4841,,1,,
2307-4841,,2,,
1086-0266,,1,,
1086-0266,,2,,
2471-2922,,1,,
2471-2922,,2,,
0973-0648,,1,,
0973-0648,,2,,
1875-9742,,1,,
1875-9742,,2,,
1745-5057,,1,1500.0,USD
1745-5057,,2,,
0892-5720,,1,,
0892-5720,,2,,
0973-0788,,1,,
0973-0788,,2,,
0095-7984,,1,,
0095-7984,,2,,
1938-9655,,1,,
1938-9655,,2,,
8756-8705,,1,,
8756-8705,,2,,
0030-2228,OMEGA - Journal of Death and Dying,1,,
0030-2228,OMEGA - Journal of Death and Dying,2,,
0022-1856,,1,,
0022-1856,,2,,
0021-1400,,1,,
0021-1400,,2,,
0741-0883,,1,,
0741-0883,,2,,
0364-2178,,1,,
0364-2178,,2,,
1466-4240,,1,,
1466-4240,,2,,
1084-7138,,1,,
1084-7138,,2,,
0266-7614,,1,,
0266-7614,,2,,
2732-5016,,1,,
2732-5016,,2,,
2045-1253,,1,2300.0,USD
2045-1253,,2,,
1073-1911,,1,,
1073-1911,,2,,
0145-4692,,1,,
0145-4692,,2,,
0005-7886,,1,,
0005-7886,,2,,
1470-3203,Journal of the Renin-Angiotensin-Aldosterone System,1,2000.0,USD
1470-3203,Journal of the Renin-Angiotensin-Aldosterone System,2,,
2515-1274,,1,,
2515-1274,,2,,
1092-5872,,1,,
1092-5872,,2,,
0169-796X,,1,,
0169-796X,,2,,
0190-2725,,1,,
0190-2725,,2,,
1048-2911,NEW SOLUTIONS: A Journal of Environmental and Occupational Health Policy,1,,
1048-2911,NEW SOLUTIONS: A Journal of Environmental and Occupational Health Policy,2,,
1362-0177,,1,,
1362-0177,,2,,
2155-1790,,1,,
2155-1790,,2,,
1039-8562,,1,,
1039-8562,,2,,
0261-927X,,1,,
0261-927X,,2,,
0048-3931,,1,,
0048-3931,,2,,
1549-4810,,1,,
1549-4810,,2,,
1687-8132,,1,2300.0,USD
1687-8132,,2,,
0361-6843,,1,,
0361-6843,,2,,
0974-9284,,1,,
0974-9284,,2,,
0392-1921,,1,,
0392-1921,,2,,
1474-6514,,1,,
1474-6514,,2,,
1086-296X,,1,,
1086-296X,,2,,
2471-4038,,1,,
2471-4038,,2,,
0218-4923,,1,,
0218-4923,,2,,
0266-6669,,1,,
0266-6669,,2,,
0160-449X,,1,,
0160-449X,,2,,
1057-5677,,1,,
1057-5677,,2,,
0973-1741,,1,,
0973-1741,,2,,
0097-7004,,1,,
0097-7004,,2,,
0093-6502,,1,,
0093-6502,,2,,
0072-968X,,1,,
0072-968X,,2,,
1524-8380,,1,,
1524-8380,,2,,
1044-2073,,1,,
1044-2073,,2,,
1745-6916,,1,,
1745-6916,,2,,
2398-2128,,1,600.0,GBP
2398-2128,,2,,
0972-558X,,1,,
0972-558X,,2,,
2032-2844,,1,,
2032-2844,,2,,
0967-0106,,1,,
0967-0106,,2,,
1362-3613,,1,,
1362-3613,,2,,
1018-5291,,1,,
1018-5291,,2,,
0891-2416,,1,,
0891-2416,,2,,
1093-5266,,1,,
1093-5266,,2,,
1052-5629,,1,,
1052-5629,,2,,
0308-275X,,1,,
0308-275X,,2,,
1748-3018,,1,,
1748-3018,,2,,
0731-9487,,1,,
0731-9487,,2,,
1748-006X,"Proceedings of the Institution of Mechanical Engineers, Part O: Journal of Risk and Reliability",1,,
1748-006X,"Proceedings of the Institution of Mechanical Engineers, Part O: Journal of Risk and Reliability",2,,
0192-513X,,1,,
0192-513X,,2,,
0268-3962,,1,,
0268-3962,,2,,
0003-0651,,1,,
0003-0651,,2,,
2349-3003,,1,,
2349-3003,,2,,
0255-7614,,1,,
0255-7614,,2,,
1550-0594,,1,,
1550-0594,,2,,
0951-6298,,1,,
0951-6298,,2,,
0886-2605,,1,,
0886-2605,,2,,
0589-8218,,1,,
0589-8218,,2,,
2053-9517,,1,1500.0,USD
2053-9517,,2,,
1049-9091,,1,,
1049-9091,,2,,
1470-5931,,1,,
1470-5931,,2,,
0047-2441,,1,,
0047-2441,,2,,
2167-7026,,1,,
2167-7026,,2,,
0094-582X,,1,,
0094-582X,,2,,
0263-7138,,1,,
0263-7138,,2,,
1942-7751,,1,,
1942-7751,,2,,
2397-1983,,1,,
2397-1983,,2,,
1098-2140,,1,,
1098-2140,,2,,
0895-9374,,1,,
0895-9374,,2,,
1525-7401,,1,,
1525-7401,,2,,
1363-4593,,1,,
1363-4593,,2,,
0887-302X,,1,,
0887-302X,,2,,
1559-2464,,1,,
1559-2464,,2,,
2151-4585,,1,2000.0,USD
2151-4585,,2,,
2056-9971,,1,,
2056-9971,,2,,
0309-524X,,1,,
0309-524X,,2,,
0094-0607,,1,,
0094-0607,,2,,
2152-6567,,1,,
2152-6567,,2,,
1365-7127,,1,,
1365-7127,,2,,
0049-4755,,1,,
0049-4755,,2,,
1178-6450,,1,,
1178-6450,,2,,
1080-5699,,1,,
1080-5699,,2,,
1053-8259,,1,,
1053-8259,,2,,
0970-8464,,1,,
0970-8464,,2,,
0309-0892,,1,,
0309-0892,,2,,
0725-5136,,1,,
0725-5136,,2,,
2042-0986,,1,2200.0,USD
2042-0986,,2,,
1742-3953,,1,,
1742-3953,,2,,
0070-2900,,1,,
0070-2900,,2,,
1024-2589,Transfer: European Review of Labour and Research,1,,
1024-2589,Transfer: European Review of Labour and Research,2,,
1044-4300,,1,,
1044-4300,,2,,
2059-4372,,1,,
2059-4372,,2,,
1464-4193,"Proceedings of the Institution of Mechanical Engineers, Part K: Journal of Multi-body Dynamics",1,,
1464-4193,"Proceedings of the Institution of Mechanical Engineers, Part K: Journal of Multi-body Dynamics",2,,
1046-8781,,1,,
1046-8781,,2,,
1758-9991,,1,,
1758-9991,,2,,
0258-042X,,1,,
0258-042X,,2,,
1420-326X,,1,,
1420-326X,,2,,
2634-8535,,1,,
2634-8535,,2,,
0955-7490,,1,,
0955-7490,,2,,
1051-449X,,1,,
1051-449X,,2,,
0829-5735,,1,,
0829-5735,,2,,
2047-9816,,1,,
2047-9816,,2,,
2292-5503,,1,,
2292-5503,,2,,
1064-8631,,1,,
1064-8631,,2,,
0957-4565,,1,,
0957-4565,,2,,
1462-4745,,1,,
1462-4745,,2,,
0022-0345,,1,,
0022-0345,,2,,
1521-0251,"Journal of College Student Retention: Research, Theory & Practice",1,,
1521-0251,"Journal of College Student Retention: Research, Theory & Practice",2,,
0748-8068,,1,,
0748-8068,,2,,
2278-6821,,1,,
2278-6821,,2,,
0973-5984,,1,,
0973-5984,,2,,
0950-0170,,1,,
0950-0170,,2,,
2374-3735,,1,,
2374-3735,,2,,
1461-4448,,1,,
1461-4448,,2,,
1076-1675,,1,,
1076-1675,,2,,
1351-010X,,1,,
1351-010X,,2,,
1441-3582,,1,,
1441-3582,,2,,
2055-5636,,1,,
2055-5636,,2,,
0036-9330,,1,,
0036-9330,,2,,
0013-9165,,1,,
0013-9165,,2,,
0041-1108,,1,,
0041-1108,,2,,
1946-7567,,1,,
1946-7567,,2,,
1069-031X,,1,,
1069-031X,,2,,
0001-6993,,1,,
0001-6993,,2,,
0022-4871,,1,,
0022-4871,,2,,
2732-4745,,1,,
2732-4745,,2,,
1097-1963,,1,,
1097-1963,,2,,
0956-2478,,1,,
0956-2478,,2,,
1464-4207,"Proceedings of the Institution of Mechanical Engineers, Part L: Journal of Materials: Design and Applications",1,,
1464-4207,"Proceedings of the Institution of Mechanical Engineers, Part L: Journal of Materials: Design and Applications",2,,
1354-0661,,1,,
1354-0661,,2,,
0107-4083,,1,,
0107-4083,,2,,
1746-1979,,1,,
1746-1979,,2,,
2031-9525,,1,,
2031-9525,,2,,
0020-8345,,1,,
0020-8345,,2,,
0269-2163,,1,,
0269-2163,,2,,
1756-2872,,1,2300.0,USD
1756-2872,,2,,
1548-5129,,1,,
1548-5129,,2,,
2513-826X,Plastic Surgery Case Studies,1,,
2513-826X,Plastic Surgery Case Studies,2,,
0022-2437,Journal of marketing research,1,,
0022-2437,Journal of marketing research,2,,
1550-1906,,1,,
1550-1906,,2,,
1753-4259,,1,2000.0,USD
1753-4259,,2,,
0304-3754,,1,,
0304-3754,,2,,
1078-3482,,1,,
1078-3482,,2,,
1465-7503,,1,,
1465-7503,,2,,
2329-4965,,1,,
2329-4965,,2,,
1063-293X,,1,,
1063-293X,,2,,
1477-8785,,1,,
1477-8785,,2,,
1457-4969,,1,,
1457-4969,,2,,
0025-7087,,1,,
0025-7087,,2,,
0047-2379,,1,,
0047-2379,,2,,
0263-7146,,1,,
0263-7146,,2,,
1025-3823,,1,,
1025-3823,,2,,
1754-0739,,1,,
1754-0739,,2,,
0954-4097,,1,,
0954-4097,,2,,
1944-8201,,1,,
1944-8201,,2,,
0973-1849,Contemporary Education Dialogue,1,,
0973-1849,Contemporary Education Dialogue,2,,
1473-3250,,1,,
1473-3250,,2,,
2471-3724,,1,,
2471-3724,,2,,
1355-4743,,1,,
1355-4743,,2,,
2057-178X,,1,1000.0,USD
2057-178X,,2,,
0315-1034,,1,,
0315-1034,,2,,
1759-3131,,1,,
1759-3131,,2,,
0094-3673,,1,,
0094-3673,,2,,
1522-6379,,1,,
1522-6379,,2,,
0885-6591,,1,,
0885-6591,,2,,
0003-4894,,1,,
0003-4894,,2,,
1550-7629,,1,,
1550-7629,,2,,
1477-7606,,1,,
1477-7606,,2,,
1465-3125,,1,,
1465-3125,,2,,
1558-6898,,1,,
1558-6898,,2,,
1757-7438,,1,,
1757-7438,,2,,
0093-4658,,1,,
0093-4658,,2,,
2633-4941,,1,1500.0,USD
2633-4941,,2,,
2042-1249,,1,,
2042-1249,,2,,
0011-2860,,1,,
0011-2860,,2,,
0959-6801,,1,,
0959-6801,,2,,
0739-8913,,1,,
0739-8913,,2,,
0074-2740,,1,,
0074-2740,,2,,
1534-4843,,1,,
1534-4843,,2,,
1868-1034,,1,,
1868-1034,,2,,
1478-9299,,1,,
1478-9299,,2,,
1086-4822,,1,,
1086-4822,,2,,
0033-278X,,1,,
0033-278X,,2,,
1024-5294,,1,,
1024-5294,,2,,
2373-9975,,1,,
2373-9975,,2,,
2632-010X,,1,1500.0,USD
2632-010X,,2,,
0267-6583,,1,,
0267-6583,,2,,
1469-7874,,1,,
1469-7874,,2,,
0307-5133,,1,,
0307-5133,,2,,
2347-7989,,1,,
2347-7989,,2,,
1087-8513,,1,,
1087-8513,,2,,
2333-3936,,1,1000.0,USD
2333-3936,,2,,
0958-9287,,1,,
0958-9287,,2,,
0015-7325,,1,,
0015-7325,,2,,
0959-3543,,1,,
0959-3543,,2,,
0782-9671,,1,,
0782-9671,,2,,
2049-4637,,1,,
2049-4637,,2,,
0263-0672,,1,,
0263-0672,,2,,
0975-4253,,1,,
0975-4253,,2,,
1369-9571,,1,,
1369-9571,,2,,
1528-0837,,1,,
1528-0837,,2,,
2059-7002,,1,1000.0,USD
2059-7002,,2,,
1094-6705,,1,,
1094-6705,,2,,
1074-2956,,1,,
1074-2956,,2,,
0817-3907,,1,,
0817-3907,,2,,
2633-5565,,1,1125.0,USD
2633-5565,,2,,
1526-6028,,1,,
1526-6028,,2,,
2165-2228,,1,,
2165-2228,,2,,
1749-6020,,1,,
1749-6020,,2,,
1473-2254,,1,,
1473-2254,,2,,
0953-9468,,1,,
0953-9468,,2,,
1329-878X,Media International Australia,1,,
1329-878X,Media International Australia,2,,
1043-4631,,1,,
1043-4631,,2,,
1360-7804,,1,,
1360-7804,,2,,
0886-1633,,1,,
0886-1633,,2,,
1756-8277,,1,,
1756-8277,,2,,
0897-1900,,1,,
0897-1900,,2,,
0011-3921,,1,,
0011-3921,,2,,
0899-7640,,1,,
0899-7640,,2,,
1069-3971,,1,,
1069-3971,,2,,
0731-4086,,1,,
0731-4086,,2,,
0894-4393,,1,,
0894-4393,,2,,
0972-6225,,1,,
0972-6225,,2,,
1367-8779,,1,,
1367-8779,,2,,
0391-5603,Urologia Journal,1,,
0391-5603,Urologia Journal,2,,
0098-6097,,1,,
0098-6097,,2,,
0885-4122,,1,,
0885-4122,,2,,
0963-6897,,1,2300.0,USD
0963-6897,,2,,
1469-0667,,1,,
1469-0667,,2,,
1473-2297,,1,,
1473-2297,,2,,
0021-9436,,1,,
0021-9436,,2,,
0975-0878,,1,,
0975-0878,,2,,
0954-4100,"Proceedings of the Institution of Mechanical Engineers, Part G: Journal of Aerospace Engineering",1,,
0954-4100,"Proceedings of the Institution of Mechanical Engineers, Part G: Journal of Aerospace Engineering",2,,
1042-9611,,1,,
1042-9611,,2,,
1944-4516,,1,,
1944-4516,,2,,
0013-1644,,1,,
0013-1644,,2,,
2319-7145,,1,,
2319-7145,,2,,
0022-0183,,1,,
0022-0183,,2,,
1350-6501,"Proceedings of the Institution of Mechanical Engineers, Part J: Journal of Engineering Tribology",1,,
1350-6501,"Proceedings of the Institution of Mechanical Engineers, Part J: Journal of Engineering Tribology",2,,
1834-4909,,1,,
1834-4909,,2,,
0974-9101,,1,,
0974-9101,,2,,
0145-482X,,1,,
0145-482X,,2,,
2042-7530,,1,,
2042-7530,,2,,
2516-1032,,1,,
2516-1032,,2,,
2277-9752,,1,,
2277-9752,,2,,
0094-3061,,1,,
0094-3061,,2,,
0046-9580,"INQUIRY: The Journal of Health Care Organization, Provision, and Financing",1,1500.0,USD
0046-9580,"INQUIRY: The Journal of Health Care Organization, Provision, and Financing",2,,
1042-2587,,1,,
1042-2587,,2,,
0767-3701,,1,,
0767-3701,,2,,
0976-3996,,1,,
0976-3996,,2,,
0019-7939,ILR Review,1,,
0019-7939,ILR Review,2,,
0265-1904,,1,,
0265-1904,,2,,
2633-0032,Violence: An International Journal,1,,
2633-0032,Violence: An International Journal,2,,
0021-9096,,1,,
0021-9096,,2,,
0013-175X,,1,,
0013-175X,,2,,
1468-0173,,1,,
1468-0173,,2,,
0074-7769,,1,,
0074-7769,,2,,
2331-2165,,1,2000.0,USD
2331-2165,,2,,
1065-2744,,1,,
1065-2744,,2,,
1060-0280,,1,,
1060-0280,,2,,
0145-4455,,1,,
0145-4455,,2,,
0032-3292,,1,,
0032-3292,,2,,
2396-9873,,1,,
2396-9873,,2,,
0141-0768,,1,,
0141-0768,,2,,
2235-042X,,1,,
2235-042X,,2,,
1539-4492,"OTJR: Occupation, Participation and Health",1,,
1539-4492,"OTJR: Occupation, Participation and Health",2,,
1049-7315,,1,,
1049-7315,,2,,
0308-0226,,1,,
0308-0226,,2,,
2631-7745,,1,2000.0,USD
2631-7745,,2,,
2456-3714,,1,,
2456-3714,,2,,
0825-8597,,1,,
0825-8597,,2,,
1559-3258,,1,2000.0,USD
1559-3258,,2,,
0533-3164,,1,,
0533-3164,,2,,
2150-1319,,1,1200.0,USD
2150-1319,,2,,
1548-0518,,1,,
1548-0518,,2,,
2515-690X,,1,1200.0,USD
2515-690X,,2,,
1544-3167,,1,,
1544-3167,,2,,
0957-154X,,1,,
0957-154X,,2,,
2516-8657,,1,1500.0,USD
2516-8657,,2,,
1468-0181,,1,,
1468-0181,,2,,
2158-2440,,1,1200.0,USD
2158-2440,,2,,
0734-0168,,1,,
0734-0168,,2,,
2164-9561,,1,1250.0,USD
2164-9561,,2,,
0048-539X,,1,,
0048-539X,,2,,
0001-8392,,1,,
0001-8392,,2,,
2347-7970,,1,,
2347-7970,,2,,
1868-1026,,1,,
1868-1026,,2,,
1103-3088,,1,,
1103-3088,,2,,
2280-8000,,1,1500.0,USD
2280-8000,,2,,
0734-371X,,1,,
0734-371X,,2,,
0003-3197,,1,,
0003-3197,,2,,
1533-0338,,1,2300.0,USD
1533-0338,,2,,
0025-8024,,1,,
0025-8024,,2,,
1740-3499,,1,,
1740-3499,,2,,
1591-0199,,1,,
1591-0199,,2,,
0972-6527,,1,,
0972-6527,,2,,
2278-5337,,1,,
2278-5337,,2,,
0733-4648,,1,,
0733-4648,,2,,
2515-2564,,1,750.0,USD
2515-2564,,2,,
0267-6591,,1,,
0267-6591,,2,,
1535-6523,,1,,
1535-6523,,2,,
1468-7968,,1,,
1468-7968,,2,,
1538-1927,,1,,
1538-1927,,2,,
0272-4987,,1,,
0272-4987,,2,,
2378-0231,,1,,
2378-0231,,2,,
0972-0634,,1,,
0972-0634,,2,,
0032-8855,,1,,
0032-8855,,2,,
1475-2409,,1,,
1475-2409,,2,,
2399-3405,,1,,
2399-3405,,2,,
0967-7720,,1,,
0967-7720,,2,,
0956-7976,,1,,
0956-7976,,2,,
1463-9491,,1,,
1463-9491,,2,,
2633-0024,,1,,
2633-0024,,2,,
0021-9347,,1,,
0021-9347,,2,,
0300-8037,,1,,
0300-8037,,2,,
2632-962X,,1,,
2632-962X,,2,,
2399-6544,Environment and Planning C: Politics and Space,1,,
2399-6544,Environment and Planning C: Politics and Space,2,,
0256-0909,,1,,
0256-0909,,2,,
0081-1750,,1,,
0081-1750,,2,,
0011-0000,,1,,
0011-0000,,2,,
0887-4034,,1,,
0887-4034,,2,,
0073-2753,,1,,
0073-2753,,2,,
0376-9836,,1,,
0376-9836,,2,,
0003-7028,,1,,
0003-7028,,2,,
1527-4764,,1,,
1527-4764,,2,,
0971-5215,,1,,
0971-5215,,2,,
0091-4509,,1,,
0091-4509,,2,,
0967-4608,,1,,
0967-4608,,2,,
0271-1214,,1,,
0271-1214,,2,,
1541-3446,,1,,
1541-3446,,2,,
2470-2897,,1,750.0,USD
2470-2897,,2,,
1043-4542,,1,,
1043-4542,,2,,
1082-0132,,1,,
1082-0132,,2,,
1178-6299,,1,,
1178-6299,,2,,
2066-2203,,1,,
2066-2203,,2,,
1050-6519,,1,,
1050-6519,,2,,
2322-0058,,1,,
2322-0058,,2,,
2051-0136,,1,,
2051-0136,,2,,
0270-4676,,1,,
0270-4676,,2,,
2212-585X,,1,,
2212-585X,,2,,
0887-1566,,1,,
0887-1566,,2,,
2379-2981,,1,,
2379-2981,,2,,
0147-4375,,1,,
0147-4375,,2,,
1078-0874,,1,,
1078-0874,,2,,
1742-271X,,1,,
1742-271X,,2,,
1368-4302,,1,,
1368-4302,,2,,
0033-6882,,1,,
0033-6882,,2,,
1120-9976,,1,,
1120-9976,,2,,
0973-2586,,1,,
0973-2586,,2,,
1931-3756,,1,,
1931-3756,,2,,
0739-9863,,1,,
0739-9863,,2,,
1756-2856,,1,2300.0,USD
1756-2856,,2,,
2041-2479,,1,,
2041-2479,,2,,
1043-9862,,1,,
1043-9862,,2,,
2041-3866,,1,,
2041-3866,,2,,
1747-0161,,1,,
1747-0161,,2,,
0308-6569,,1,,
0308-6569,,2,,
2336-825X,,1,,
2336-825X,,2,,
0920-203X,,1,,
0920-203X,,2,,
0144-5987,,1,1500.0,USD
0144-5987,,2,,
1043-6596,,1,,
1043-6596,,2,,
1557-234X,,1,,
1557-234X,,2,,
2053-4345,,1,,
2053-4345,,2,,
1756-8293,,1,1200.0,USD
1756-8293,,2,,
0016-9862,,1,,
0016-9862,,2,,
0009-9155,,1,,
0009-9155,,2,,
0264-6560,,1,,
0264-6560,,2,,
2284-0265,,1,,
2284-0265,,2,,
0749-0232,,1,,
0749-0232,,2,,
2397-0022,,1,,
2397-0022,,2,,
0972-1509,,1,,
0972-1509,,2,,
1467-3584,,1,,
1467-3584,,2,,
1461-3557,,1,,
1461-3557,,2,,
0956-3202,,1,,
0956-3202,,2,,
1540-4153,,1,,
1540-4153,,2,,
2055-2173,,1,1500.0,USD
2055-2173,,2,,
1053-8151,,1,,
1053-8151,,2,,
2399-3391,,1,,
2399-3391,,2,,
0098-6283,,1,,
0098-6283,,2,,
2096-0441,,1,,
2096-0441,,2,,
0891-2424,,1,,
0891-2424,,2,,
1356-336X,,1,,
1356-336X,,2,,
1758-8340,,1,,
1758-8340,,2,,
0272-4995,,1,,
0272-4995,,2,,
1363-4607,,1,,
1363-4607,,2,,
1930-2665,,1,,
1930-2665,,2,,
1750-4813,,1,,
1750-4813,,2,,
1759-0914,,1,1950.0,USD
1759-0914,,2,,
2633-5603,,1,,
2633-5603,,2,,
1037-969X,,1,,
1037-969X,,2,,
0885-3282,,1,,
0885-3282,,2,,
2167-4795,,1,,
2167-4795,,2,,
0191-8036,,1,,
0191-8036,,2,,
0010-4140,,1,,
0010-4140,,2,,
2348-4489,,1,,
2348-4489,,2,,
0734-9041,,1,,
0734-9041,,2,,
1555-4589,,1,,
1555-4589,,2,,
0959-6836,,1,,
0959-6836,,2,,
0309-8168,,1,,
0309-8168,,2,,
1708-5381,,1,,
1708-5381,,2,,
0891-2432,,1,,
0891-2432,,2,,
1941-0921,,1,,
1941-0921,,2,,
0192-6365,,1,,
0192-6365,,2,,
1932-202X,,1,,
1932-202X,,2,,
1098-3007,,1,,
1098-3007,,2,,
2043-6106,,1,,
2043-6106,,2,,
1060-9350,,1,,
1060-9350,,2,,
2471-4380,,1,,
2471-4380,,2,,
0340-0352,,1,,
0340-0352,,2,,
2230-8075,,1,,
2230-8075,,2,,
1356-2622,,1,,
1356-2622,,2,,
0047-1178,,1,,
0047-1178,,2,,
2471-4046,,1,,
2471-4046,,2,,
0038-0407,,1,,
0038-0407,,2,,
1048-3705,,1,,
1048-3705,,2,,
0367-8822,,1,,
0367-8822,,2,,
0037-7686,,1,,
0037-7686,,2,,
0004-5632,,1,,
0004-5632,,2,,
0034-3552,,1,,
0034-3552,,2,,
0020-7640,,1,,
0020-7640,,2,,
0896-8608,,1,,
0896-8608,,2,,
0310-057X,,1,,
0310-057X,,2,,
2165-0799,,1,,
2165-0799,,2,,
1466-1381,,1,,
1466-1381,,2,,
0090-5526,,1,,
0090-5526,,2,,
2042-5333,,1,,
2042-5333,,2,,
0022-1465,,1,,
0022-1465,,2,,
1471-3012,,1,,
1471-3012,,2,,
0959-6518,"Proceedings of the Institution of Mechanical Engineers, Part I: Journal of Systems and Control Engineering",1,,
0959-6518,"Proceedings of the Institution of Mechanical Engineers, Part I: Journal of Systems and Control Engineering",2,,
1066-4807,,1,,
1066-4807,,2,,
1524-5004,,1,,
1524-5004,,2,,
0196-8599,,1,,
0196-8599,,2,,
0162-3532,,1,,
0162-3532,,2,,
1533-3175,,1,2000.0,USD
1533-3175,,2,,
2050-3245,,1,,
2050-3245,,2,,
2455-328X,,1,,
2455-328X,,2,,
1542-3050,,1,,
1542-3050,,2,,
0021-9983,,1,,
0021-9983,,2,,
1550-1329,,1,2300.0,USD
1550-1329,,2,,
0266-7681,,1,,
0266-7681,,2,,
0749-1425,,1,,
0749-1425,,2,,
1089-2532,,1,,
1089-2532,,2,,
1744-6295,,1,,
1744-6295,,2,,
2516-0435,,1,,
2516-0435,,2,,
0020-7497,,1,,
0020-7497,,2,,
0022-1554,,1,,
0022-1554,,2,,
1478-8047,,1,,
1478-8047,,2,,
0263-211X,,1,,
0263-211X,,2,,
0951-5038,,1,,
0951-5038,,2,,
0090-5917,,1,,
0090-5917,,2,,
1479-9723,,1,2000.0,USD
1479-9723,,2,,
2156-8693,,1,,
2156-8693,,2,,
0897-8018,,1,,
0897-8018,,2,,
1096-3669,,1,,
1096-3669,,2,,
0269-7580,,1,,
0269-7580,,2,,
1475-472X,,1,,
1475-472X,,2,,
0974-9306,,1,,
0974-9306,,2,,
2394-4811,,1,,
2394-4811,,2,,
1757-1782,,1,,
1757-1782,,2,,
1094-4281,,1,,
1094-4281,,2,,
1555-3434,,1,,
1555-3434,,2,,
1556-3316,,1,,
1556-3316,,2,,
0003-3286,,1,,
0003-3286,,2,,
1470-5958,,1,,
1470-5958,,2,,
1053-4512,,1,,
1053-4512,,2,,
0145-5613,,1,2000.0,USD
0145-5613,,2,,
1077-6958,,1,,
1077-6958,,2,,
1064-8046,,1,,
1064-8046,,2,,
2455-9296,,1,,
2455-9296,,2,,
0026-346X,,1,,
0026-346X,,2,,
2041-4196,,1,,
2041-4196,,2,,
2049-9361,,1,1500.0,USD
2049-9361,,2,,
0974-9292,,1,,
0974-9292,,2,,
1464-9934,,1,,
1464-9934,,2,,
0018-5787,,1,,
0018-5787,,2,,
2165-7440,,1,,
2165-7440,,2,,
0020-8817,,1,,
0020-8817,,2,,
2165-2236,,1,,
2165-2236,,2,,
0160-5976,,1,,
0160-5976,,2,,
0275-0740,,1,,
0275-0740,,2,,
0886-3687,,1,,
0886-3687,,2,,
1098-6111,,1,,
1098-6111,,2,,
0739-456X,,1,,
0739-456X,,2,,
2377-9608,,1,800.0,USD
2377-9608,,2,,
1748-3727,,1,,
1748-3727,,2,,
0739-5329,,1,,
0739-5329,,2,,
1559-8276,,1,,
1559-8276,,2,,
0269-0942,,1,,
0269-0942,,2,,
1477-7509,,1,,
1477-7509,,2,,
0067-205X,,1,,
0067-205X,,2,,
0022-0027,,1,,
0022-0027,,2,,
1530-8014,,1,,
1530-8014,,2,,
0924-0519,,1,,
0924-0519,,2,,
1091-1421,,1,,
1091-1421,,2,,
0300-8916,Tumori Journal,1,,
0300-8916,Tumori Journal,2,,
1532-7957,,1,,
1532-7957,,2,,
0748-9269,,1,,
0748-9269,,2,,
0844-5621,,1,,
0844-5621,,2,,
0025-8172,,1,,
0025-8172,,2,,
0954-4062,"Proceedings of the Institution of Mechanical Engineers, Part C: Journal of Mechanical Engineering Science",1,,
0954-4062,"Proceedings of the Institution of Mechanical Engineers, Part C: Journal of Mechanical Engineering Science",2,,
2333-3928,,1,1200.0,USD
2333-3928,,2,,
1937-5867,HERD: Health Environments Research & Design Journal,1,,
1937-5867,HERD: Health Environments Research & Design Journal,2,,
0312-8962,,1,,
0312-8962,,2,,
1056-4926,,1,,
1056-4926,,2,,
0263-0923,,1,,
0263-0923,,2,,
1040-9777,,1,,
1040-9777,,2,,
1367-5494,,1,,
1367-5494,,2,,
0364-1082,,1,,
0364-1082,,2,,
0018-7208,,1,,
0018-7208,,2,,
0165-9960,,1,,
0165-9960,,2,,
1066-0763,,1,,
1066-0763,,2,,
0894-8453,,1,,
0894-8453,,2,,
0036-8504,,1,1500.0,USD
0036-8504,,2,,
1473-7795,,1,,
1473-7795,,2,,
0022-4278,,1,,
0022-4278,,2,,
0312-9616,,1,,
0312-9616,,2,,
1354-8166,,1,,
1354-8166,,2,,
1558-9447,,1,,
1558-9447,,2,,
0047-2298,,1,,
0047-2298,,2,,
0315-1026,,1,,
0315-1026,,2,,
0956-0599,,1,,
0956-0599,,2,,
1391-5614,,1,,
1391-5614,,2,,
0890-2720,,1,,
0890-2720,,2,,
2632-0770,,1,,
2632-0770,,2,,
0197-9183,,1,,
0197-9183,,2,,
0973-0052,,1,,
0973-0052,,2,,
0146-6453,,1,,
0146-6453,,2,,
1474-9041,,1,,
1474-9041,,2,,
1066-8969,,1,,
1066-8969,,2,,
1478-2103,,1,,
1478-2103,,2,,
2051-6770,,1,,
2051-6770,,2,,
1465-1165,,1,,
1465-1165,,2,,
0951-8207,,1,,
0951-8207,,2,,
0968-3445,,1,,
0968-3445,,2,,
0141-7789,,1,,
0141-7789,,2,,
1721-727X,,1,,
1721-727X,,2,,
0198-7429,,1,,
0198-7429,,2,,
1096-2506,,1,,
1096-2506,,2,,
1525-1071,,1,,
1525-1071,,2,,
0148-3331,,1,,
0148-3331,,2,,
0971-6858,,1,,
0971-6858,,2,,
2515-8163,,1,,
2515-8163,,2,,
0192-5121,,1,,
0192-5121,,2,,
1032-3732,,1,,
1032-3732,,2,,
1366-5456,,1,,
1366-5456,,2,,
0284-1851,,1,,
0284-1851,,2,,
0021-9932,,1,,
0021-9932,,2,,
1030-570X,,1,,
1030-570X,,2,,
0741-7136,,1,,
0741-7136,,2,,
1087-0547,,1,,
1087-0547,,2,,
0278-3649,,1,,
0278-3649,,2,,
2329-4884,,1,,
2329-4884,,2,,
0739-5639,,1,,
0739-5639,,2,,
0003-1224,,1,,
0003-1224,,2,,
2635-0106,,1,,
2635-0106,,2,,
2631-309X,,1,,
2631-309X,,2,,
0019-5561,,1,,
0019-5561,,2,,
0009-9228,,1,,
0009-9228,,2,,
0162-2439,,1,,
0162-2439,,2,,
2633-4895,,1,0.0,USD
2633-4895,,2,,
0268-3555,,1,,
0268-3555,,2,,
1947-6035,,1,,
1947-6035,,2,,
2277-9760,,1,,
2277-9760,,2,,
0002-7642,,1,,
0002-7642,,2,,
0748-1802,,1,,
0748-1802,,2,,
1474-4740,,1,,
1474-4740,,2,,
1455-0725,,1,,
1455-0725,,2,,
8755-4879,,1,,
8755-4879,,2,,
1038-4162,,1,,
1038-4162,,2,,
0741-5095,,1,,
0741-5095,,2,,
1535-5535,,1,,
1535-5535,,2,,
2397-2009,,1,,
2397-2009,,2,,
0037-5497,,1,,
0037-5497,,2,,
0144-7394,,1,,
0144-7394,,2,,
1925-3621,,1,,
1925-3621,,2,,
1463-4996,,1,,
1463-4996,,2,,
0315-4386,,1,,
0315-4386,,2,,
1609-4069,,1,1500.0,USD
1609-4069,,2,,
0898-2643,,1,,
0898-2643,,2,,
1063-4266,,1,,
1063-4266,,2,,
2374-6238,,1,395.0,USD
2374-6238,,2,,
1535-6841,,1,,
1535-6841,,2,,
0306-4220,,1,,
0306-4220,,2,,
1743-8721,,1,,
1743-8721,,2,,
1756-283X,,1,,
1756-283X,,2,,
0890-2070,,1,,
0890-2070,,2,,
1087-822X,,1,,
1087-822X,,2,,
1475-0902,"Proceedings of the Institution of Mechanical Engineers, Part M: Journal of Engineering for the Maritime Environment",1,,
1475-0902,"Proceedings of the Institution of Mechanical Engineers, Part M: Journal of Engineering for the Maritime Environment",2,,
1476-7503,,1,,
1476-7503,,2,,
0034-5237,,1,,
0034-5237,,2,,
0012-5806,,1,,
0012-5806,,2,,
0148-8287,,1,,
0148-8287,,2,,
0184-7678,,1,,
0184-7678,,2,,
0014-5246,,1,,
0014-5246,,2,,
1388-2627,,1,,
1388-2627,,2,,
0306-624X,,1,,
0306-624X,,2,,
0038-0261,,1,,
0038-0261,,2,,
1740-7745,,1,,
1740-7745,,2,,
2471-5492,,1,750.0,USD
2471-5492,,2,,
1945-8932,,1,,
1945-8932,,2,,
2327-8579,,1,,
2327-8579,,2,,
1077-5595,,1,,
1077-5595,,2,,
0008-4298,,1,,
0008-4298,,2,,
0552-3060,,1,,
0552-3060,,2,,
1940-0829,,1,1000.0,USD
1940-0829,,2,,
0308-518X,Environment and Planning A: Economy and Space,1,,
0308-518X,Environment and Planning A: Economy and Space,2,,
0379-5721,,1,,
0379-5721,,2,,
0885-0011,,1,,
0885-0011,,2,,
2399-3685,,1,,
2399-3685,,2,,
1046-4964,,1,,
1046-4964,,2,,
0747-5284,,1,,
0747-5284,,2,,
0264-6196,,1,,
0264-6196,,2,,
0265-4075,,1,,
0265-4075,,2,,
2051-5707,,1,,
2051-5707,,2,,
1470-3572,,1,,
1470-3572,,2,,
0030-7270,,1,,
0030-7270,,2,,
0023-6772,,1,,
0023-6772,,2,,
1129-7298,,1,,
1129-7298,,2,,
0146-6216,,1,,
0146-6216,,2,,
0265-6914,,1,,
0265-6914,,2,,
2233-8659,,1,,
2233-8659,,2,,
1462-4567,,1,,
1462-4567,,2,,
0269-8811,,1,,
0269-8811,,2,,
0302-1637,,1,,
0302-1637,,2,,
2632-6663,,1,,
2632-6663,,2,,
1057-0837,,1,,
1057-0837,,2,,
1023-263X,,1,,
1023-263X,,2,,
0954-4089,"Proceedings of the Institution of Mechanical Engineers, Part E: Journal of Process Mechanical Engineering",1,,
0954-4089,"Proceedings of the Institution of Mechanical Engineers, Part E: Journal of Process Mechanical Engineering",2,,
2047-4970,,1,,
2047-4970,,2,,
1367-4935,,1,,
1367-4935,,2,,
0161-6439,,1,,
0161-6439,,2,,
2051-4158,,1,,
2051-4158,,2,,
0840-4704,,1,,
0840-4704,,2,,
1479-1641,,1,,
1479-1641,,2,,
1556-2646,,1,,
1556-2646,,2,,
1757-9147,,1,,
1757-9147,,2,,
0957-9265,,1,,
0957-9265,,2,,
0003-1313,,1,,
0003-1313,,2,,
2325-1603,,1,,
2325-1603,,2,,
2041-6695,,1,530.0,GBP
2041-6695,,2,,
0262-4893,,1,,
0262-4893,,2,,
1535-3699,,1,,
1535-3699,,2,,
0004-8658,,1,,
0004-8658,,2,,
1120-6721,,1,,
1120-6721,,2,,
1971-4009,,1,,
1971-4009,,2,,
1369-1481,,1,,
1369-1481,,2,,
1741-1432,,1,,
1741-1432,,2,,
0731-6844,,1,,
0731-6844,,2,,
0960-3271,,1,,
0960-3271,,2,,
1096-3480,,1,,
1096-3480,,2,,
1361-4096,,1,,
1361-4096,,2,,
2210-4917,,1,,
2210-4917,,2,,
1120-7000,,1,,
1120-7000,,2,,
0198-0211,,1,,
0198-0211,,2,,
0021-9894,,1,,
0021-9894,,2,,
0895-9048,,1,,
0895-9048,,2,,
0885-2456,,1,,
0885-2456,,2,,
2055-2076,,1,1125.0,USD
2055-2076,,2,,
0262-7280,,1,,
0262-7280,,2,,
1758-5732,,1,,
1758-5732,,2,,
1467-1026,,1,,
1467-1026,,2,,
1460-4086,,1,,
1460-4086,,2,,
0147-2399,,1,,
0147-2399,,2,,
0369-9838,,1,,
0369-9838,,2,,
1940-8447,,1,,
1940-8447,,2,,
2325-9671,,1,,
2325-9671,,2,,
0971-3336,,1,,
0971-3336,,2,,
2515-2211,,1,,
2515-2211,,2,,
2632-3281,,1,8000.0,INR
2632-3281,,2,500.0,USD
1045-1595,,1,,
1045-1595,,2,,
0309-3247,,1,,
0309-3247,,2,,
1010-4283,,1,1500.0,USD
1010-4283,,2,,
0018-7267,,1,,
0018-7267,,2,,
0081-1769,,1,,
0081-1769,,2,,
1722-6899,,1,,
1722-6899,,2,,
0149-2063,,1,,
0149-2063,,2,,
0951-4848,,1,,
0951-4848,,2,,
2635-0254,,1,,
2635-0254,,2,,
0011-1287,,1,,
0011-1287,,2,,
0732-1139,,1,,
0732-1139,,2,,
1849-5435,,1,1500.0,USD
1849-5435,,2,,
0968-0519,,1,,
0968-0519,,2,,
1473-8716,,1,,
1473-8716,,2,,
0921-3740,,1,,
0921-3740,,2,,
0012-6578,,1,,
0012-6578,,2,,
0042-0980,,1,,
0042-0980,,2,,
0885-6524,,1,,
0885-6524,,2,,
0049-1241,,1,,
0049-1241,,2,,
1742-7665,,1,,
1742-7665,,2,,
1077-8004,,1,,
1077-8004,,2,,
0972-2661,,1,,
0972-2661,,2,,
1356-3890,,1,,
1356-3890,,2,,
0162-6434,,1,,
0162-6434,,2,,
2048-0040,,1,1500.0,USD
2048-0040,,2,,
0276-2366,,1,,
0276-2366,,2,,
2393-8617,,1,,
2393-8617,,2,,
1753-495X,,1,,
1753-495X,,2,,
0092-055X,,1,,
0092-055X,,2,,
1365-7828,,1,,
1365-7828,,2,,
2055-5520,,1,,
2055-5520,,2,,
0042-0816,,1,,
0042-0816,,2,,
0163-5182,,1,,
0163-5182,,2,,
0301-0066,,1,,
0301-0066,,2,,
2633-559X,,1,,
2633-559X,,2,,
2050-3032,,1,,
2050-3032,,2,,
1362-4806,,1,,
1362-4806,,2,,
1527-2494,,1,,
1527-2494,,2,,
0895-5336,,1,,
0895-5336,,2,,
0020-7314,,1,,
0020-7314,,2,,
0307-174X,,1,,
0307-174X,,2,,
1048-3950,,1,,
1048-3950,,2,,
0846-5371,,1,,
0846-5371,,2,,
0014-5858,,1,,
0014-5858,,2,,
1755-0882,,1,,
1755-0882,,2,,
1035-719X,,1,,
1035-719X,,2,,
0887-5405,,1,,
0887-5405,,2,,
0961-2033,,1,,
0961-2033,,2,,
1558-9250,,1,2000.0,USD
1558-9250,,2,,
2455-1333,,1,,
2455-1333,,2,,
0031-2975,,1,,
0031-2975,,2,,
1059-8405,,1,,
1059-8405,,2,,
0032-3217,,1,,
0032-3217,,2,,
0261-1929,Alternatives to Laboratory Animals,1,,
0261-1929,Alternatives to Laboratory Animals,2,,
1750-4589,,1,,
1750-4589,,2,,
2324-7096,,1,750.0,USD
2324-7096,,2,,
2322-0937,,1,,
2322-0937,,2,,
2394-9015,,1,,
2394-9015,,2,,
1527-1544,,1,,
1527-1544,,2,,
0749-1565,,1,,
0749-1565,,2,,
1533-2101,,1,,
1533-2101,,2,,
1203-4754,,1,,
1203-4754,,2,,
2320-2068,,1,,
2320-2068,,2,,
2054-3581,,1,1800.0,USD
2054-3581,,2,,
0265-3788,,1,,
0265-3788,,2,,
0019-4662,,1,,
0019-4662,,2,,
1744-8069,,1,2500.0,USD
1744-8069,,2,,
0049-0857,,1,,
0049-0857,,2,,
1468-795X,,1,,
1468-795X,,2,,
2514-8486,Environment and Planning E: Nature and Space,1,,
2514-8486,Environment and Planning E: Nature and Space,2,,
0306-1973,,1,,
0306-1973,,2,,
1474-0222,,1,,
1474-0222,,2,,
1363-9595,,1,,
1363-9595,,2,,
0263-7758,Environment and Planning D: Society and Space,1,,
0263-7758,Environment and Planning D: Society and Space,2,,
1099-8004,,1,,
1099-8004,,2,,
0047-5688,,1,,
0047-5688,,2,,
1354-067X,,1,,
1354-067X,,2,,
0969-7764,,1,,
0969-7764,,2,,
2042-0188,,1,2300.0,USD
2042-0188,,2,,
1081-180X,,1,,
1081-180X,,2,,
0791-6035,,1,,
0791-6035,,2,,
0888-4390,,1,,
0888-4390,,2,,
1945-0109,Update: Applications of Research in Music Education,1,,
1945-0109,Update: Applications of Research in Music Education,2,,
2096-6083,,1,,
2096-6083,,2,,
0033-7277,,1,,
0033-7277,,2,,
1049-7323,,1,,
1049-7323,,2,,
0007-5035,,1,,
0007-5035,,2,,
0042-2835,,1,,
0042-2835,,2,,
1461-4529,,1,,
1461-4529,,2,,
0952-6951,,1,,
0952-6951,,2,,
0967-0335,,1,,
0967-0335,,2,,
1469-0446,,1,,
1469-0446,,2,,
2397-7914,"Proceedings of the Institution of Mechanical Engineers, Part N: Journal of Nanomaterials, Nanoengineering and Nanosystems",1,,
2397-7914,"Proceedings of the Institution of Mechanical Engineers, Part N: Journal of Nanomaterials, Nanoengineering and Nanosystems",2,,
0361-1981,,1,,
0361-1981,,2,,
0031-5125,,1,,
0031-5125,,2,,
0020-7020,,1,,
0020-7020,,2,,
0952-0767,,1,,
0952-0767,,2,,
2516-6026,,1,,
2516-6026,,2,,
0094-1824,,1,,
0094-1824,,2,,
1354-0688,,1,,
1354-0688,,2,,
0144-5952,,1,,
0144-5952,,2,,
0954-4046,,1,,
0954-4046,,2,,
0370-7334,,1,,
0370-7334,,2,,
2516-0192,,1,,
2516-0192,,2,,
1358-863X,,1,,
1358-863X,,2,,
2321-0230,,1,,
2321-0230,,2,,
0040-5175,,1,,
0040-5175,,2,,
0261-4294,,1,,
0261-4294,,2,,
1536-6006,,1,,
1536-6006,,2,,
2471-3317,,1,,
2471-3317,,2,,
0961-0006,,1,,
0961-0006,,2,,
1527-0025,,1,,
1527-0025,,2,,
2055-1029,,1,1000.0,USD
2055-1029,,2,,
0002-7162,,1,,
0002-7162,,2,,
1077-8012,,1,,
1077-8012,,2,,
1476-1270,,1,,
1476-1270,,2,,
0748-6766,,1,,
0748-6766,,2,,
0954-4119,"Proceedings of the Institution of Mechanical Engineers, Part H: Journal of Engineering in Medicine",1,,
0954-4119,"Proceedings of the Institution of Mechanical Engineers, Part H: Journal of Engineering in Medicine",2,,
1089-3504,,1,,
1089-3504,,2,,
1468-0874,,1,,
1468-0874,,2,,
1477-3708,,1,,
1477-3708,,2,,
0265-6590,,1,,
0265-6590,,2,,
1757-9759,,1,,
1757-9759,,2,,
1558-8661,,1,,
1558-8661,,2,,
1470-594X,,1,,
1470-594X,,2,,
1540-1421,,1,,
1540-1421,,2,,
1350-5084,,1,,
1350-5084,,2,,
0022-4758,,1,,
0022-4758,,2,,
0095-327X,,1,,
0095-327X,,2,,
0959-3535,,1,,
0959-3535,,2,,
1324-5325,,1,,
1324-5325,,2,,
0008-4824,,1,,
0008-4824,,2,,
0741-9325,,1,,
0741-9325,,2,,
2055-6683,,1,1125.0,USD
2055-6683,,2,,
0892-0206,,1,,
0892-0206,,2,,
1758-1559,,1,,
1758-1559,,2,,
1783-5917,,1,,
1783-5917,,2,,
0735-6331,,1,,
0735-6331,,2,,
0001-396X,,1,,
0001-396X,,2,,
0010-8367,,1,,
0010-8367,,2,,
0735-2751,,1,,
0735-2751,,2,,
2372-7322,,1,,
2372-7322,,2,,
0022-071X,,1,,
0022-071X,,2,,
0706-7437,,1,,
0706-7437,,2,,
1362-1688,,1,,
1362-1688,,2,,
0075-4242,,1,,
0075-4242,,2,,
0020-3483,,1,,
0020-3483,,2,,
2470-5470,,1,1500.0,USD
2470-5470,,2,,
1729-8806,,1,,
1729-8806,,2,,
1473-0952,,1,,
1473-0952,,2,,
0003-603X,,1,,
0003-603X,,2,,
0309-1333,Progress in Physical Geography: Earth and Environment,1,,
0309-1333,Progress in Physical Geography: Earth and Environment,2,,
1534-5084,,1,,
1534-5084,,2,,
1356-7667,,1,,
1356-7667,,2,,
0148-558X,,1,,
0148-558X,,2,,
1050-6586,,1,,
1050-6586,,2,,
2057-0473,,1,,
2057-0473,,2,,
0971-7625,,1,,
0971-7625,,2,,
1074-8407,,1,,
1074-8407,,2,,
2036-3605,,1,,
2036-3605,,2,,
2333-7214,,1,1500.0,USD
2333-7214,,2,,
0954-2582,,1,,
0954-2582,,2,,
1320-1646,,1,,
1320-1646,,2,,
2513-8502,,1,,
2513-8502,,2,,
0300-0605,,1,,
0300-0605,,2,,
0263-774X,,1,,
0263-774X,,2,,
0887-400X,,1,,
0887-400X,,2,,
1836-9391,,1,,
1836-9391,,2,,
0759-1063,,1,,
0759-1063,,2,,
0096-7882,,1,,
0096-7882,,2,,
1555-4120,,1,,
1555-4120,,2,,
1054-1373,,1,,
1054-1373,,2,,
0266-7320,,1,,
0266-7320,,2,,
0891-9887,,1,,
0891-9887,,2,,
1098-612X,,1,,
1098-612X,,2,,
1866-802X,,1,,
1866-802X,,2,,
0738-2618,,1,,
0738-2618,,2,,
0145-7217,,1,,
0145-7217,,2,,
2053-0196,,1,,
2053-0196,,2,,
1745-4999,,1,,
1745-4999,,2,,
1940-1612,,1,,
1940-1612,,2,,
0737-2477,,1,,
0737-2477,,2,,
0146-1079,,1,,
0146-1079,,2,,
2056-3051,,1,800.0,USD
2056-3051,,2,,
0257-6430,,1,,
0257-6430,,2,,
0096-1442,,1,,
0096-1442,,2,,
2277-4017,,1,,
2277-4017,,2,,
0267-3231,,1,,
0267-3231,,2,,
2040-4026,,1,,
2040-4026,,2,,
0972-8201,,1,,
0972-8201,,2,,
2050-1579,,1,,
2050-1579,,2,,
0265-8135,,1,,
0265-8135,,2,,
2381-4683,,1,2500.0,USD
2381-4683,,2,,
0271-678X,,1,,
0271-678X,,2,,
0021-8286,,1,,
0021-8286,,2,,
0032-633X,,1,,
0032-633X,,2,,
2046-147X,,1,,
2046-147X,,2,,
0022-4111,,1,,
0022-4111,,2,,
1059-6011,,1,,
1059-6011,,2,,
1557-9883,,1,2000.0,USD
1557-9883,,2,,
2399-8083,Environment and Planning B: Urban Analytics and City Science,1,,
2399-8083,Environment and Planning B: Urban Analytics and City Science,2,,
1715-1635,Canadian Pharmacists Journal / Revue des Pharmaciens du Canada,1,,
1715-1635,Canadian Pharmacists Journal / Revue des Pharmaciens du Canada,2,,
2043-8087,,1,500.0,USD
2043-8087,,2,,
1359-4575,,1,,
1359-4575,,2,,
0046-2039,,1,,
0046-2039,,2,,
1555-9475,,1,2000.0,USD
1555-9475,,2,,
0146-1672,,1,,
0146-1672,,2,,
1040-6387,,1,,
1040-6387,,2,,
2277-9779,,1,,
2277-9779,,2,,
0013-1245,,1,,
0013-1245,,2,,
1206-3312,,1,,
1206-3312,,2,,
0567-8056,,1,,
0567-8056,,2,,
0164-0275,,1,,
0164-0275,,2,,
2150-1335,,1,,
2150-1335,,2,,
0369-8564,,1,,
0369-8564,,2,,
2040-6223,,1,2300.0,USD
2040-6223,,2,,
8756-1972,,1,,
8756-1972,,2,,
2471-4240,,1,,
2471-4240,,2,,
0885-3460,,1,,
0885-3460,,2,,
1093-5703,,1,,
1093-5703,,2,,
0394-6320,,1,,
0394-6320,,2,,
0890-1171,,1,,
0890-1171,,2,,
1074-2484,,1,,
1074-2484,,2,,
0142-064X,,1,,
0142-064X,,2,,
0043-8200,,1,,
0043-8200,,2,,
0008-0683,,1,,
0008-0683,,2,,
1044-3894,,1,,
1044-3894,,2,,
1476-718X,,1,,
1476-718X,,2,,
1747-9541,,1,,
1747-9541,,2,,
1741-1343,,1,,
1741-1343,,2,,
2632-0843,,1,,
2632-0843,,2,,
1744-2583,,1,,
1744-2583,,2,,
1071-1007,,1,,
1071-1007,,2,,
2059-2043,,1,400.0,USD
2059-2043,,2,,
2631-7877,,1,,
2631-7877,,2,,
1748-8958,,1,,
1748-8958,,2,,
0008-1256,,1,,
0008-1256,,2,,
0020-7209,,1,,
0020-7209,,2,,
1195-2199,,1,,
1195-2199,,2,,
0898-7564,,1,,
0898-7564,,2,,
0891-0162,,1,,
0891-0162,,2,,
1044-6192,,1,,
1044-6192,,2,,
0093-8548,,1,,
0093-8548,,2,,
0957-6509,"Proceedings of the Institution of Mechanical Engineers, Part A: Journal of Power and Energy",1,,
0957-6509,"Proceedings of the Institution of Mechanical Engineers, Part A: Journal of Power and Energy",2,,
1461-4456,,1,,
1461-4456,,2,,
1468-6783,,1,1200.0,USD
1468-6783,,2,,
1557-0851,,1,,
1557-0851,,2,,
1075-5470,,1,,
1075-5470,,2,,
0001-8481,,1,,
0001-8481,,2,,
2632-3524,,1,1500.0,USD
2632-3524,,2,,
0039-3207,,1,,
0039-3207,,2,,
0004-9441,,1,,
0004-9441,,2,,
0163-2787,,1,,
0163-2787,,2,,
0040-0599,,1,,
0040-0599,,2,,
1541-2040,,1,,
1541-2040,,2,,
1941-8744,,1,,
1941-8744,,2,,
1088-7679,,1,,
1088-7679,,2,,
0091-8296,,1,,
0091-8296,,2,,
0014-3111,,1,,
0014-3111,,2,,
1534-6501,,1,,
1534-6501,,2,,
1076-0296,,1,2300.0,USD
1076-0296,,2,,
2050-1684,,1,,
2050-1684,,2,,
1078-3903,,1,,
1078-3903,,2,,
0738-8942,,1,,
0738-8942,,2,,
0002-0397,Africa Spectrum,1,,
0002-0397,Africa Spectrum,2,,
0971-3557,,1,,
0971-3557,,2,,
0193-7235,,1,,
0193-7235,,2,,
1070-4965,,1,,
1070-4965,,2,,
0731-1214,,1,,
0731-1214,,2,,
2633-190X,,1,,
2633-190X,,2,,
1474-7049,,1,800.0,USD
1474-7049,,2,,
0973-2179,,1,,
0973-2179,,2,,
0309-1325,,1,,
0309-1325,,2,,
0022-2542,,1,,
0022-2542,,2,,
2330-2488,,1,,
2330-2488,,2,,
0022-2232,,1,,
0022-2232,,2,,
1065-9129,,1,,
1065-9129,,2,,
2456-3722,ANTYAJAA: Indian Journal of Women and Social Change,1,,
2456-3722,ANTYAJAA: Indian Journal of Women and Social Change,2,,
0306-3127,,1,,
0306-3127,,2,,
2057-8911,,1,,
2057-8911,,2,,
1355-7610,,1,,
1355-7610,,2,,
1523-4223,,1,,
1523-4223,,2,,
0260-1060,,1,,
0260-1060,,2,,
0363-1990,,1,,
0363-1990,,2,,
1359-1835,,1,,
1359-1835,,2,,
1471-082X,,1,,
1471-082X,,2,,
1055-6656,,1,,
1055-6656,,2,,
1403-4948,,1,,
1403-4948,,2,,
2167-6968,,1,,
2167-6968,,2,,
0047-2875,,1,,
0047-2875,,2,,
0963-9470,,1,,
0963-9470,,2,,
1094-3420,,1,,
1094-3420,,2,,
0022-2429,,1,,
0022-2429,,2,,
0037-7678,,1,,
0037-7678,,2,,
1357-633X,,1,,
1357-633X,,2,,
0959-9304,,1,,
0959-9304,,2,,
1475-9217,,1,,
1475-9217,,2,,
2516-600X,,1,,
2516-600X,,2,,
0022-1678,,1,,
0022-1678,,2,,
2380-0844,,1,,
2380-0844,,2,,
1755-7380,,1,,
1755-7380,,2,,
0197-6931,,1,,
0197-6931,,2,,
1534-7354,,1,2300.0,USD
1534-7354,,2,,
0001-0383,,1,,
0001-0383,,2,,
0962-144X,,1,,
0962-144X,,2,,
1478-0771,,1,,
1478-0771,,2,,
0956-4624,,1,,
0956-4624,,2,,
0143-831X,,1,,
0143-831X,,2,,
1745-7866,,1,,
1745-7866,,2,,
2454-213X,,1,,
2454-213X,,2,,
1359-1053,,1,,
1359-1053,,2,,
2631-4541,,1,,
2631-4541,,2,,
2472-6303,SLAS TECHNOLOGY: Translating Life Sciences Innovation,1,,
2472-6303,SLAS TECHNOLOGY: Translating Life Sciences Innovation,2,,
0583-1024,,1,,
0583-1024,,2,,
0363-9428,,1,,
0363-9428,,2,,
1475-7257,,1,,
1475-7257,,2,,
0964-5284,,1,,
0964-5284,,2,,
1359-1045,,1,,
1359-1045,,2,,
0040-5736,,1,,
0040-5736,,2,,
0022-0426,,1,,
0022-0426,,2,,
0143-6244,,1,,
0143-6244,,2,,
1091-5818,,1,,
1091-5818,,2,,
1464-7001,,1,,
1464-7001,,2,,
1749-9755,,1,,
1749-9755,,2,,
0260-1079,,1,,
0260-1079,,2,,
0038-0229,,1,,
0038-0229,,2,,
0165-0254,,1,,
0165-0254,,2,,
2399-3693,,1,,
2399-3693,,2,,
0010-8804,,1,,
0010-8804,,2,,
0160-323X,,1,,
0160-323X,,2,,
0973-4082,,1,,
0973-4082,,2,,
0954-4054,"Proceedings of the Institution of Mechanical Engineers, Part B: Journal of Engineering Manufacture",1,,
0954-4054,"Proceedings of the Institution of Mechanical Engineers, Part B: Journal of Engineering Manufacture",2,,
2319-510X,,1,,
2319-510X,,2,,
2041-7314,,1,2000.0,USD
2041-7314,,2,,
1355-8196,,1,,
1355-8196,,2,,
0163-4437,,1,,
0163-4437,,2,,
2633-8076,,1,,
2633-8076,,2,,
0035-9130,,1,,
0035-9130,,2,,
0276-1599,,1,,
0276-1599,,2,,
1538-5132,,1,,
1538-5132,,2,,
1474-8851,,1,,
1474-8851,,2,,
1081-2865,,1,,
1081-2865,,2,,
1460-4582,,1,1125.0,USD
1460-4582,,2,,
0253-7176,,1,,
0253-7176,,2,,
0958-305X,,1,,
0958-305X,,2,,
0907-5682,,1,,
0907-5682,,2,,
1071-7919,,1,,
1071-7919,,2,,
2050-3121,,1,1125.0,USD
2050-3121,,2,,
0170-8406,,1,,
0170-8406,,2,,
1012-6902,,1,,
1012-6902,,2,,
0096-8706,,1,,
0096-8706,,2,,
0042-0859,,1,,
0042-0859,,2,,
0001-3455,,1,,
0001-3455,,2,,
2054-2704,,1,385.0,GBP
2054-2704,,2,,
1029-8649,,1,,
1029-8649,,2,,
0539-0184,,1,,
0539-0184,,2,,
1943-3875,,1,,
1943-3875,,2,,
1941-4072,,1,,
1941-4072,,2,,
1077-5587,,1,,
1077-5587,,2,,
2053-3691,,1,,
2053-3691,,2,,
0306-4190,,1,,
0306-4190,,2,,
0264-5505,,1,,
0264-5505,,2,,
1847-9804,,1,1500.0,USD
1847-9804,,2,,
0393-6155,,1,,
0393-6155,,2,,
0094-3738,,1,,
0094-3738,,2,,
1079-0632,,1,,
1079-0632,,2,,
2373-3799,,1,,
2373-3799,,2,,
2165-1434,,1,,
2165-1434,,2,,
2050-313X,,1,1125.0,USD
2050-313X,,2,,
1035-3046,,1,,
1035-3046,,2,,
2321-0222,,1,,
2321-0222,,2,,
1879-3665,,1,,
1879-3665,,2,,
0022-5266,,1,,
0022-5266,,2,,
0044-7803,,1,,
0044-7803,,2,,
1054-7738,,1,,
1054-7738,,2,,
2377-6161,,1,,
2377-6161,,2,,
0263-7154,,1,,
0263-7154,,2,,
2374-2895,,1,1250.0,USD
2374-2895,,2,,
2041-9058,,1,,
2041-9058,,2,,
0022-0094,,1,,
0022-0094,,2,,
2633-1055,,1,,
2633-1055,,2,,
1477-0938,,1,,
1477-0938,,2,,
0040-571X,,1,,
0040-571X,,2,,
2153-3687,,1,,
2153-3687,,2,,
0972-7531,,1,,
0972-7531,,2,,
0162-1858,,1,,
0162-1858,,2,,
0890-3344,,1,,
0890-3344,,2,,
1082-5207,,1,,
1082-5207,,2,,
0276-1467,,1,,
0276-1467,,2,,
1090-1981,,1,,
1090-1981,,2,,
0143-0343,,1,,
0143-0343,,2,,
1368-4310,,1,,
1368-4310,,2,,
0091-5521,,1,,
0091-5521,,2,,
0020-8523,,1,,
0020-8523,,2,,
0973-7898,,1,,
0973-7898,,2,,
2192-5682,,1,,
2192-5682,,2,,
0486-6134,,1,,
0486-6134,,2,,
1028-3153,,1,,
1028-3153,,2,,
1076-2175,,1,,
1076-2175,,2,,
1062-0656,,1,,
1062-0656,,2,,
0084-6724,Archive for the Psychology of Religion,1,,
0084-6724,Archive for the Psychology of Religion,2,,
1751-1437,,1,,
1751-1437,,2,,
0921-8106,,1,,
0921-8106,,2,,
1470-7853,,1,,
1470-7853,,2,,
0022-0574,,1,,
0022-0574,,2,,
1056-7879,,1,,
1056-7879,,2,,
1357-034X,,1,,
1357-034X,,2,,
1476-993X,,1,,
1476-993X,,2,,
2632-9638,,1,,
2632-9638,,2,,
0971-9458,,1,,
0971-9458,,2,,
0306-3070,,1,,
0306-3070,,2,,
1538-5744,,1,,
1538-5744,,2,,
0960-3360,,1,,
0960-3360,,2,,
0022-3409,,1,,
0022-3409,,2,,
0963-6625,,1,,
0963-6625,,2,,
1321-103X,,1,,
1321-103X,,2,,
0734-2829,,1,,
0734-2829,,2,,
2347-6311,,1,,
2347-6311,,2,,
0363-5465,,1,,
0363-5465,,2,,
2150-1351,,1,,
2150-1351,,2,,
1748-0485,,1,,
1748-0485,,2,,
0090-4201,,1,,
0090-4201,,2,,
1358-2291,,1,,
1358-2291,,2,,
0730-8884,,1,,
0730-8884,,2,,
1468-7984,,1,,
1468-7984,,2,,
1468-7976,,1,,
1468-7976,,2,,
0095-2443,,1,,
0095-2443,,2,,
0023-8309,,1,,
0023-8309,,2,,
1353-0224,,1,,
1353-0224,,2,,
0269-2155,,1,,
0269-2155,,2,,
0968-5332,,1,,
0968-5332,,2,,
0165-5515,,1,,
0165-5515,,2,,
0966-7350,,1,,
0966-7350,,2,,
2200-6974,,1,,
2200-6974,,2,,
0789-6069,,1,,
0789-6069,,2,,
2515-8414,,1,,
2515-8414,,2,,
0009-4455,,1,,
0009-4455,,2,,
1179-1713,,1,,
1179-1713,,2,,
1177-1801,AlterNative: An International Journal of Indigenous Peoples,1,,
1177-1801,AlterNative: An International Journal of Indigenous Peoples,2,,
1532-7086,,1,,
1532-7086,,2,,
1369-4332,,1,,
1369-4332,,2,,
1078-1552,,1,,
1078-1552,,2,,
0020-2940,,1,1500.0,USD
0020-2940,,2,,
2329-4906,,1,,
2329-4906,,2,,
0263-2764,,1,,
0263-2764,,2,,
0300-9858,,1,,
0300-9858,,2,,
0273-4753,,1,,
0273-4753,,2,,
2333-794X,,1,1500.0,USD
2333-794X,,2,,
0963-7214,,1,,
0963-7214,,2,,
2396-9415,,1,750.0,USD
2396-9415,,2,,
0956-4748,,1,,
0956-4748,,2,,
0010-4248,,1,,
0010-4248,,2,,
2059-7991,,1,750.0,USD
2059-7991,,2,,
0305-7496,,1,,
0305-7496,,2,,
1469-0047,,1,,
1469-0047,,2,,
1045-4411,,1,,
1045-4411,,2,,
0886-7216,,1,,
0886-7216,,2,,
2381-3377,"Literacy Research: Theory, Method, and Practice",1,,
2381-3377,"Literacy Research: Theory, Method, and Practice",2,,
1350-5076,,1,,
1350-5076,,2,,
1943-0892,,1,,
1943-0892,,2,,
2057-0481,,1,,
2057-0481,,2,,
2055-1169,,1,640.0,USD
2055-1169,,2,,
0041-1051,,1,,
0041-1051,,2,,
0091-2174,,1,,
0091-2174,,2,,
2516-6069,,1,,
2516-6069,,2,,
0022-3433,,1,,
0022-3433,,2,,
0272-4316,,1,,
0272-4316,,2,,
1087-724X,,1,,
1087-724X,,2,,
1073-2748,,1,2300.0,USD
1073-2748,,2,,
1753-4658,,1,,
1753-4658,,2,,
1529-1006,,1,,
1529-1006,,2,,
0749-8918,,1,,
0749-8918,,2,,
0266-3821,,1,,
0266-3821,,2,,
1532-673X,,1,,
1532-673X,,2,,
1010-5395,,1,,
1010-5395,,2,,
0534-283X,,1,,
0534-283X,,2,,
0306-3968,,1,,
0306-3968,,2,,
1932-2968,,1,,
1932-2968,,2,,
1069-0727,,1,,
1069-0727,,2,,
1356-1049,,1,,
1356-1049,,2,,
2040-6207,,1,2300.0,USD
2040-6207,,2,,
0894-3184,,1,,
0894-3184,,2,,
1747-4930,,1,,
1747-4930,,2,,
1754-3371,"Proceedings of the Institution of Mechanical Engineers, Part P: Journal of Sports Engineering and Technology",1,,
1754-3371,"Proceedings of the Institution of Mechanical Engineers, Part P: Journal of Sports Engineering and Technology",2,,
0332-4893,,1,,
0332-4893,,2,,
0307-9090,,1,,
0307-9090,,2,,
2516-5984,,1,,
2516-5984,,2,,
0003-1348,,1,,
0003-1348,,2,,
0004-8690,,1,,
0004-8690,,2,,
1088-3576,,1,,
1088-3576,,2,,
1097-184X,,1,,
1097-184X,,2,,
2058-9158,,1,,
2058-9158,,2,,
2053-1680,,1,,
2053-1680,,2,,
2329-048X,,1,1500.0,USD
2329-048X,,2,,
2472-7512,,1,,
2472-7512,,2,,
0011-3255,,1,,
0011-3255,,2,,
0974-9276,BioScope: South Asian Screen Studies,1,,
0974-9276,BioScope: South Asian Screen Studies,2,,
1750-6980,,1,,
1750-6980,,2,,
0022-4669,,1,,
0022-4669,,2,,
0093-9285,,1,,
0093-9285,,2,,
0091-6471,,1,,
0091-6471,,2,,
1526-9248,,1,,
1526-9248,,2,,
0268-5809,,1,,
0268-5809,,2,,
0893-3189,,1,,
0893-3189,,2,,
0073-1455,,1,,
0073-1455,,2,,
1611-8944,,1,,
1611-8944,,2,,
0091-4150,,1,,
0091-4150,,2,,
0883-0738,,1,,
0883-0738,,2,,
0569-4345,,1,,
0569-4345,,2,,
1473-6691,,1,,
1473-6691,,2,,
0272-684X,,1,,
0272-684X,,2,,
0971-8907,,1,,
0971-8907,,2,,
2634-9833,,1,1500.0,USD
2634-9833,,2,,
1553-3506,,1,,
1553-3506,,2,,
1056-7895,,1,,
1056-7895,,2,,
